Waktu,Prediksi
2026-07-25 19:00:10.503299,
2026-07-25 19:00:30.503299,
2026-07-25 19:00:50.503299,
2026-07-25 19:01:10.503299,
2026-07-25 19:01:30.503299,
2026-07-25 19:01:50.503299,
2026-07-25 19:02:10.503299,
2026-07-25 19:02:30.503299,
2026-07-25 19:02:50.503299,
2026-07-25 19:03:10.503299,
2026-07-25 19:03:30.503299,
2026-07-25 19:03:50.503299,
2026-07-25 19:04:10.503299,
2026-07-25 19:04:30.503299,
2026-07-25 19:04:50.503299,
2026-07-25 19:05:10.503299,
2026-07-25 19:05:30.503299,
2026-07-25 19:05:50.503299,
2026-07-25 19:06:10.503299,
2026-07-25 19:06:30.503299,
2026-07-25 19:06:50.503299,
2026-07-25 19:07:10.503299,
2026-07-25 19:07:30.503299,
2026-07-25 19:07:50.503299,
2026-07-25 19:08:10.503299,
2026-07-25 19:08:30.503299,
2026-07-25 19:08:50.503299,
2026-07-25 19:09:10.503299,
2026-07-25 19:09:30.503299,
2026-07-25 19:09:50.503299,
2026-07-25 19:10:10.503299,
2026-07-25 19:10:30.503299,
2026-07-25 19:10:50.503299,
2026-07-25 19:11:10.503299,
2026-07-25 19:11:30.503299,
2026-07-25 19:11:50.503299,
2026-07-25 19:12:10.503299,
2026-07-25 19:12:30.503299,
2026-07-25 19:12:50.503299,
2026-07-25 19:13:10.503299,
2026-07-25 19:13:30.503299,
2026-07-25 19:13:50.503299,
2026-07-25 19:14:10.503299,
2026-07-25 19:14:30.503299,
2026-07-25 19:14:50.503299,
2026-07-25 19:15:10.503299,
2026-07-25 19:15:30.503299,
2026-07-25 19:15:50.503299,
2026-07-25 19:16:10.503299,
2026-07-25 19:16:30.503299,
2026-07-25 19:16:50.503299,
2026-07-25 19:17:10.503299,
2026-07-25 19:17:30.503299,
2026-07-25 19:17:50.503299,
2026-07-25 19:18:10.503299,
2026-07-25 19:18:30.503299,
2026-07-25 19:18:50.503299,
2026-07-25 19:19:10.503299,
2026-07-25 19:19:30.503299,
2026-07-25 19:19:50.503299,
2026-07-25 19:20:10.503299,
2026-07-25 19:20:30.503299,
2026-07-25 19:20:50.503299,
2026-07-25 19:21:10.503299,
2026-07-25 19:21:30.503299,
2026-07-25 19:21:50.503299,
2026-07-25 19:22:10.503299,
2026-07-25 19:22:30.503299,
2026-07-25 19:22:50.503299,
2026-07-25 19:23:10.503299,
2026-07-25 19:23:30.503299,
2026-07-25 19:23:50.503299,
2026-07-25 19:24:10.503299,
2026-07-25 19:24:30.503299,
2026-07-25 19:24:50.503299,
2026-07-25 19:25:10.503299,
2026-07-25 19:25:30.503299,
2026-07-25 19:25:50.503299,
2026-07-25 19:26:10.503299,
2026-07-25 19:26:30.503299,
2026-07-25 19:26:50.503299,
2026-07-25 19:27:10.503299,
2026-07-25 19:27:30.503299,
2026-07-25 19:27:50.503299,
2026-07-25 19:28:10.503299,
2026-07-25 19:28:30.503299,
2026-07-25 19:28:50.503299,
2026-07-25 19:29:10.503299,
2026-07-25 19:29:30.503299,
2026-07-25 19:29:50.503299,
2026-07-25 19:30:10.503299,
2026-07-25 19:30:30.503299,
2026-07-25 19:30:50.503299,
2026-07-25 19:31:10.503299,
2026-07-25 19:31:30.503299,
2026-07-25 19:31:50.503299,
2026-07-25 19:32:10.503299,
2026-07-25 19:32:30.503299,
2026-07-25 19:32:50.503299,
2026-07-25 19:33:10.503299,
2026-07-25 19:33:30.503299,
2026-07-25 19:33:50.503299,
2026-07-25 19:34:10.503299,
2026-07-25 19:34:30.503299,
2026-07-25 19:34:50.503299,
2026-07-25 19:35:10.503299,
2026-07-25 19:35:30.503299,
2026-07-25 19:35:50.503299,
2026-07-25 19:36:10.503299,
2026-07-25 19:36:30.503299,
2026-07-25 19:36:50.503299,
2026-07-25 19:37:10.503299,
2026-07-25 19:37:30.503299,
2026-07-25 19:37:50.503299,
2026-07-25 19:38:10.503299,
2026-07-25 19:38:30.503299,
2026-07-25 19:38:50.503299,
2026-07-25 19:39:10.503299,
2026-07-25 19:39:30.503299,
2026-07-25 19:39:50.503299,
2026-07-25 19:40:10.503299,
2026-07-25 19:40:30.503299,
2026-07-25 19:40:50.503299,
2026-07-25 19:41:10.503299,
2026-07-25 19:41:30.503299,
2026-07-25 19:41:50.503299,
2026-07-25 19:42:10.503299,
2026-07-25 19:42:30.503299,
2026-07-25 19:42:50.503299,
2026-07-25 19:43:10.503299,
2026-07-25 19:43:30.503299,
2026-07-25 19:43:50.503299,
2026-07-25 19:44:10.503299,
2026-07-25 19:44:30.503299,
2026-07-25 19:44:50.503299,
2026-07-25 19:45:10.503299,
2026-07-25 19:45:30.503299,
2026-07-25 19:45:50.503299,
2026-07-25 19:46:10.503299,
2026-07-25 19:46:30.503299,
2026-07-25 19:46:50.503299,
2026-07-25 19:47:10.503299,
2026-07-25 19:47:30.503299,
2026-07-25 19:47:50.503299,
2026-07-25 19:48:10.503299,
2026-07-25 19:48:30.503299,
2026-07-25 19:48:50.503299,
2026-07-25 19:49:10.503299,
2026-07-25 19:49:30.503299,
2026-07-25 19:49:50.503299,
2026-07-25 19:50:10.503299,
2026-07-25 19:50:30.503299,
2026-07-25 19:50:50.503299,
2026-07-25 19:51:10.503299,
2026-07-25 19:51:30.503299,
2026-07-25 19:51:50.503299,
2026-07-25 19:52:10.503299,
2026-07-25 19:52:30.503299,
2026-07-25 19:52:50.503299,
2026-07-25 19:53:10.503299,
2026-07-25 19:53:30.503299,
2026-07-25 19:53:50.503299,
2026-07-25 19:54:10.503299,
2026-07-25 19:54:30.503299,
2026-07-25 19:54:50.503299,
2026-07-25 19:55:10.503299,
2026-07-25 19:55:30.503299,
2026-07-25 19:55:50.503299,
2026-07-25 19:56:10.503299,
2026-07-25 19:56:30.503299,
2026-07-25 19:56:50.503299,
2026-07-25 19:57:10.503299,
2026-07-25 19:57:30.503299,
2026-07-25 19:57:50.503299,
2026-07-25 19:58:10.503299,
2026-07-25 19:58:30.503299,
2026-07-25 19:58:50.503299,
2026-07-25 19:59:10.503299,
2026-07-25 19:59:30.503299,
2026-07-25 19:59:50.503299,
2026-07-25 20:00:10.503299,
2026-07-25 20:00:30.503299,
2026-07-25 20:00:50.503299,
2026-07-25 20:01:10.503299,
2026-07-25 20:01:30.503299,
2026-07-25 20:01:50.503299,
2026-07-25 20:02:10.503299,
2026-07-25 20:02:30.503299,
2026-07-25 20:02:50.503299,
2026-07-25 20:03:10.503299,
2026-07-25 20:03:30.503299,
2026-07-25 20:03:50.503299,
2026-07-25 20:04:10.503299,
2026-07-25 20:04:30.503299,
2026-07-25 20:04:50.503299,
2026-07-25 20:05:10.503299,
2026-07-25 20:05:30.503299,
2026-07-25 20:05:50.503299,
2026-07-25 20:06:10.503299,
2026-07-25 20:06:30.503299,
2026-07-25 20:06:50.503299,
2026-07-25 20:07:10.503299,
2026-07-25 20:07:30.503299,
2026-07-25 20:07:50.503299,
2026-07-25 20:08:10.503299,
2026-07-25 20:08:30.503299,
2026-07-25 20:08:50.503299,
2026-07-25 20:09:10.503299,
2026-07-25 20:09:30.503299,
2026-07-25 20:09:50.503299,
2026-07-25 20:10:10.503299,
2026-07-25 20:10:30.503299,
2026-07-25 20:10:50.503299,
2026-07-25 20:11:10.503299,
2026-07-25 20:11:30.503299,
2026-07-25 20:11:50.503299,
2026-07-25 20:12:10.503299,
2026-07-25 20:12:30.503299,
2026-07-25 20:12:50.503299,
2026-07-25 20:13:10.503299,
2026-07-25 20:13:30.503299,
2026-07-25 20:13:50.503299,
2026-07-25 20:14:10.503299,
2026-07-25 20:14:30.503299,
2026-07-25 20:14:50.503299,
2026-07-25 20:15:10.503299,
2026-07-25 20:15:30.503299,
2026-07-25 20:15:50.503299,
2026-07-25 20:16:10.503299,
2026-07-25 20:16:30.503299,
2026-07-25 20:16:50.503299,
2026-07-25 20:17:10.503299,
2026-07-25 20:17:30.503299,
2026-07-25 20:17:50.503299,
2026-07-25 20:18:10.503299,
2026-07-25 20:18:30.503299,
2026-07-25 20:18:50.503299,
2026-07-25 20:19:10.503299,
2026-07-25 20:19:30.503299,
2026-07-25 20:19:50.503299,
2026-07-25 20:20:10.503299,
2026-07-25 20:20:30.503299,
2026-07-25 20:20:50.503299,
2026-07-25 20:21:10.503299,
2026-07-25 20:21:30.503299,
2026-07-25 20:21:50.503299,
2026-07-25 20:22:10.503299,
2026-07-25 20:22:30.503299,
2026-07-25 20:22:50.503299,
2026-07-25 20:23:10.503299,
2026-07-25 20:23:30.503299,
2026-07-25 20:23:50.503299,
2026-07-25 20:24:10.503299,
2026-07-25 20:24:30.503299,
2026-07-25 20:24:50.503299,
2026-07-25 20:25:10.503299,
2026-07-25 20:25:30.503299,
2026-07-25 20:25:50.503299,
2026-07-25 20:26:10.503299,
2026-07-25 20:26:30.503299,
2026-07-25 20:26:50.503299,
2026-07-25 20:27:10.503299,
2026-07-25 20:27:30.503299,
2026-07-25 20:27:50.503299,
2026-07-25 20:28:10.503299,
2026-07-25 20:28:30.503299,
2026-07-25 20:28:50.503299,
2026-07-25 20:29:10.503299,
2026-07-25 20:29:30.503299,
2026-07-25 20:29:50.503299,
2026-07-25 20:30:10.503299,
2026-07-25 20:30:30.503299,
2026-07-25 20:30:50.503299,
2026-07-25 20:31:10.503299,
2026-07-25 20:31:30.503299,
2026-07-25 20:31:50.503299,
2026-07-25 20:32:10.503299,
2026-07-25 20:32:30.503299,
2026-07-25 20:32:50.503299,
2026-07-25 20:33:10.503299,
2026-07-25 20:33:30.503299,
2026-07-25 20:33:50.503299,
2026-07-25 20:34:10.503299,
2026-07-25 20:34:30.503299,
2026-07-25 20:34:50.503299,
2026-07-25 20:35:10.503299,
2026-07-25 20:35:30.503299,
2026-07-25 20:35:50.503299,
2026-07-25 20:36:10.503299,
2026-07-25 20:36:30.503299,
2026-07-25 20:36:50.503299,
2026-07-25 20:37:10.503299,
2026-07-25 20:37:30.503299,
2026-07-25 20:37:50.503299,
2026-07-25 20:38:10.503299,
2026-07-25 20:38:30.503299,
2026-07-25 20:38:50.503299,
2026-07-25 20:39:10.503299,
2026-07-25 20:39:30.503299,
2026-07-25 20:39:50.503299,
2026-07-25 20:40:10.503299,
2026-07-25 20:40:30.503299,
2026-07-25 20:40:50.503299,
2026-07-25 20:41:10.503299,
2026-07-25 20:41:30.503299,
2026-07-25 20:41:50.503299,
2026-07-25 20:42:10.503299,
2026-07-25 20:42:30.503299,
2026-07-25 20:42:50.503299,
2026-07-25 20:43:10.503299,
2026-07-25 20:43:30.503299,
2026-07-25 20:43:50.503299,
2026-07-25 20:44:10.503299,
2026-07-25 20:44:30.503299,
2026-07-25 20:44:50.503299,
2026-07-25 20:45:10.503299,
2026-07-25 20:45:30.503299,
2026-07-25 20:45:50.503299,
2026-07-25 20:46:10.503299,
2026-07-25 20:46:30.503299,
2026-07-25 20:46:50.503299,
2026-07-25 20:47:10.503299,
2026-07-25 20:47:30.503299,
2026-07-25 20:47:50.503299,
2026-07-25 20:48:10.503299,
2026-07-25 20:48:30.503299,
2026-07-25 20:48:50.503299,
2026-07-25 20:49:10.503299,
2026-07-25 20:49:30.503299,
2026-07-25 20:49:50.503299,
2026-07-25 20:50:10.503299,
2026-07-25 20:50:30.503299,
2026-07-25 20:50:50.503299,
2026-07-25 20:51:10.503299,
2026-07-25 20:51:30.503299,
2026-07-25 20:51:50.503299,
2026-07-25 20:52:10.503299,
2026-07-25 20:52:30.503299,
2026-07-25 20:52:50.503299,
2026-07-25 20:53:10.503299,
2026-07-25 20:53:30.503299,
2026-07-25 20:53:50.503299,
2026-07-25 20:54:10.503299,
2026-07-25 20:54:30.503299,
2026-07-25 20:54:50.503299,
2026-07-25 20:55:10.503299,
2026-07-25 20:55:30.503299,
2026-07-25 20:55:50.503299,
2026-07-25 20:56:10.503299,
2026-07-25 20:56:30.503299,
2026-07-25 20:56:50.503299,
2026-07-25 20:57:10.503299,
2026-07-25 20:57:30.503299,
2026-07-25 20:57:50.503299,
2026-07-25 20:58:10.503299,
2026-07-25 20:58:30.503299,
2026-07-25 20:58:50.503299,
2026-07-25 20:59:10.503299,
2026-07-25 20:59:30.503299,
2026-07-25 20:59:50.503299,
2026-07-25 21:00:10.503299,
2026-07-25 21:00:30.503299,
2026-07-25 21:00:50.503299,
2026-07-25 21:01:10.503299,
2026-07-25 21:01:30.503299,
2026-07-25 21:01:50.503299,
2026-07-25 21:02:10.503299,
2026-07-25 21:02:30.503299,
2026-07-25 21:02:50.503299,
2026-07-25 21:03:10.503299,
2026-07-25 21:03:30.503299,
2026-07-25 21:03:50.503299,
2026-07-25 21:04:10.503299,
2026-07-25 21:04:30.503299,
2026-07-25 21:04:50.503299,
2026-07-25 21:05:10.503299,
2026-07-25 21:05:30.503299,
2026-07-25 21:05:50.503299,
2026-07-25 21:06:10.503299,
2026-07-25 21:06:30.503299,
2026-07-25 21:06:50.503299,
2026-07-25 21:07:10.503299,
2026-07-25 21:07:30.503299,
2026-07-25 21:07:50.503299,
2026-07-25 21:08:10.503299,
2026-07-25 21:08:30.503299,
2026-07-25 21:08:50.503299,
2026-07-25 21:09:10.503299,
2026-07-25 21:09:30.503299,
2026-07-25 21:09:50.503299,
2026-07-25 21:10:10.503299,
2026-07-25 21:10:30.503299,
2026-07-25 21:10:50.503299,
2026-07-25 21:11:10.503299,
2026-07-25 21:11:30.503299,
2026-07-25 21:11:50.503299,
2026-07-25 21:12:10.503299,
2026-07-25 21:12:30.503299,
2026-07-25 21:12:50.503299,
2026-07-25 21:13:10.503299,
2026-07-25 21:13:30.503299,
2026-07-25 21:13:50.503299,
2026-07-25 21:14:10.503299,
2026-07-25 21:14:30.503299,
2026-07-25 21:14:50.503299,
2026-07-25 21:15:10.503299,
2026-07-25 21:15:30.503299,
2026-07-25 21:15:50.503299,
2026-07-25 21:16:10.503299,
2026-07-25 21:16:30.503299,
2026-07-25 21:16:50.503299,
2026-07-25 21:17:10.503299,
2026-07-25 21:17:30.503299,
2026-07-25 21:17:50.503299,
2026-07-25 21:18:10.503299,
2026-07-25 21:18:30.503299,
2026-07-25 21:18:50.503299,
2026-07-25 21:19:10.503299,
2026-07-25 21:19:30.503299,
2026-07-25 21:19:50.503299,
2026-07-25 21:20:10.503299,
2026-07-25 21:20:30.503299,
2026-07-25 21:20:50.503299,
2026-07-25 21:21:10.503299,
2026-07-25 21:21:30.503299,
2026-07-25 21:21:50.503299,
2026-07-25 21:22:10.503299,
2026-07-25 21:22:30.503299,
2026-07-25 21:22:50.503299,
2026-07-25 21:23:10.503299,
2026-07-25 21:23:30.503299,
2026-07-25 21:23:50.503299,
2026-07-25 21:24:10.503299,
2026-07-25 21:24:30.503299,
2026-07-25 21:24:50.503299,
2026-07-25 21:25:10.503299,
2026-07-25 21:25:30.503299,
2026-07-25 21:25:50.503299,
2026-07-25 21:26:10.503299,
2026-07-25 21:26:30.503299,
2026-07-25 21:26:50.503299,
2026-07-25 21:27:10.503299,
2026-07-25 21:27:30.503299,
2026-07-25 21:27:50.503299,
2026-07-25 21:28:10.503299,
2026-07-25 21:28:30.503299,
2026-07-25 21:28:50.503299,
2026-07-25 21:29:10.503299,
2026-07-25 21:29:30.503299,
2026-07-25 21:29:50.503299,
2026-07-25 21:30:10.503299,
2026-07-25 21:30:30.503299,
2026-07-25 21:30:50.503299,
2026-07-25 21:31:10.503299,
2026-07-25 21:31:30.503299,
2026-07-25 21:31:50.503299,
2026-07-25 21:32:10.503299,
2026-07-25 21:32:30.503299,
2026-07-25 21:32:50.503299,
2026-07-25 21:33:10.503299,
2026-07-25 21:33:30.503299,
2026-07-25 21:33:50.503299,
2026-07-25 21:34:10.503299,
2026-07-25 21:34:30.503299,
2026-07-25 21:34:50.503299,
2026-07-25 21:35:10.503299,
2026-07-25 21:35:30.503299,
2026-07-25 21:35:50.503299,
2026-07-25 21:36:10.503299,
2026-07-25 21:36:30.503299,
2026-07-25 21:36:50.503299,
2026-07-25 21:37:10.503299,
2026-07-25 21:37:30.503299,
2026-07-25 21:37:50.503299,
2026-07-25 21:38:10.503299,
2026-07-25 21:38:30.503299,
2026-07-25 21:38:50.503299,
2026-07-25 21:39:10.503299,
2026-07-25 21:39:30.503299,
2026-07-25 21:39:50.503299,
2026-07-25 21:40:10.503299,
2026-07-25 21:40:30.503299,
2026-07-25 21:40:50.503299,
2026-07-25 21:41:10.503299,
2026-07-25 21:41:30.503299,
2026-07-25 21:41:50.503299,
2026-07-25 21:42:10.503299,
2026-07-25 21:42:30.503299,
2026-07-25 21:42:50.503299,
2026-07-25 21:43:10.503299,
2026-07-25 21:43:30.503299,
2026-07-25 21:43:50.503299,
2026-07-25 21:44:10.503299,
2026-07-25 21:44:30.503299,
2026-07-25 21:44:50.503299,
2026-07-25 21:45:10.503299,
2026-07-25 21:45:30.503299,
2026-07-25 21:45:50.503299,
2026-07-25 21:46:10.503299,
2026-07-25 21:46:30.503299,
2026-07-25 21:46:50.503299,
2026-07-25 21:47:10.503299,
2026-07-25 21:47:30.503299,
2026-07-25 21:47:50.503299,
2026-07-25 21:48:10.503299,
2026-07-25 21:48:30.503299,
2026-07-25 21:48:50.503299,
2026-07-25 21:49:10.503299,
2026-07-25 21:49:30.503299,
2026-07-25 21:49:50.503299,
2026-07-25 21:50:10.503299,
2026-07-25 21:50:30.503299,
2026-07-25 21:50:50.503299,
2026-07-25 21:51:10.503299,
2026-07-25 21:51:30.503299,
2026-07-25 21:51:50.503299,
2026-07-25 21:52:10.503299,
2026-07-25 21:52:30.503299,
2026-07-25 21:52:50.503299,
2026-07-25 21:53:10.503299,
2026-07-25 21:53:30.503299,
2026-07-25 21:53:50.503299,
2026-07-25 21:54:10.503299,
2026-07-25 21:54:30.503299,
2026-07-25 21:54:50.503299,
2026-07-25 21:55:10.503299,
2026-07-25 21:55:30.503299,
2026-07-25 21:55:50.503299,
2026-07-25 21:56:10.503299,
2026-07-25 21:56:30.503299,
2026-07-25 21:56:50.503299,
2026-07-25 21:57:10.503299,
2026-07-25 21:57:30.503299,
2026-07-25 21:57:50.503299,
2026-07-25 21:58:10.503299,
2026-07-25 21:58:30.503299,
2026-07-25 21:58:50.503299,
2026-07-25 21:59:10.503299,
2026-07-25 21:59:30.503299,
2026-07-25 21:59:50.503299,
2026-07-25 22:00:10.503299,
2026-07-25 22:00:30.503299,
2026-07-25 22:00:50.503299,
2026-07-25 22:01:10.503299,
2026-07-25 22:01:30.503299,
2026-07-25 22:01:50.503299,
2026-07-25 22:02:10.503299,
2026-07-25 22:02:30.503299,
2026-07-25 22:02:50.503299,
2026-07-25 22:03:10.503299,
2026-07-25 22:03:30.503299,
2026-07-25 22:03:50.503299,
2026-07-25 22:04:10.503299,
2026-07-25 22:04:30.503299,
2026-07-25 22:04:50.503299,
2026-07-25 22:05:10.503299,
2026-07-25 22:05:30.503299,
2026-07-25 22:05:50.503299,
2026-07-25 22:06:10.503299,
2026-07-25 22:06:30.503299,
2026-07-25 22:06:50.503299,
2026-07-25 22:07:10.503299,
2026-07-25 22:07:30.503299,
2026-07-25 22:07:50.503299,
2026-07-25 22:08:10.503299,
2026-07-25 22:08:30.503299,
2026-07-25 22:08:50.503299,
2026-07-25 22:09:10.503299,
2026-07-25 22:09:30.503299,
2026-07-25 22:09:50.503299,
2026-07-25 22:10:10.503299,
2026-07-25 22:10:30.503299,
2026-07-25 22:10:50.503299,
2026-07-25 22:11:10.503299,
2026-07-25 22:11:30.503299,
2026-07-25 22:11:50.503299,
2026-07-25 22:12:10.503299,
2026-07-25 22:12:30.503299,
2026-07-25 22:12:50.503299,
2026-07-25 22:13:10.503299,
2026-07-25 22:13:30.503299,
2026-07-25 22:13:50.503299,
2026-07-25 22:14:10.503299,
2026-07-25 22:14:30.503299,
2026-07-25 22:14:50.503299,
2026-07-25 22:15:10.503299,
2026-07-25 22:15:30.503299,
2026-07-25 22:15:50.503299,
2026-07-25 22:16:10.503299,
2026-07-25 22:16:30.503299,
2026-07-25 22:16:50.503299,
2026-07-25 22:17:10.503299,
2026-07-25 22:17:30.503299,
2026-07-25 22:17:50.503299,
2026-07-25 22:18:10.503299,
2026-07-25 22:18:30.503299,
2026-07-25 22:18:50.503299,
2026-07-25 22:19:10.503299,
2026-07-25 22:19:30.503299,
2026-07-25 22:19:50.503299,
2026-07-25 22:20:10.503299,
2026-07-25 22:20:30.503299,
2026-07-25 22:20:50.503299,
2026-07-25 22:21:10.503299,
2026-07-25 22:21:30.503299,
2026-07-25 22:21:50.503299,
2026-07-25 22:22:10.503299,
2026-07-25 22:22:30.503299,
2026-07-25 22:22:50.503299,
2026-07-25 22:23:10.503299,
2026-07-25 22:23:30.503299,
2026-07-25 22:23:50.503299,
2026-07-25 22:24:10.503299,
2026-07-25 22:24:30.503299,
2026-07-25 22:24:50.503299,
2026-07-25 22:25:10.503299,
2026-07-25 22:25:30.503299,
2026-07-25 22:25:50.503299,
2026-07-25 22:26:10.503299,
2026-07-25 22:26:30.503299,
2026-07-25 22:26:50.503299,
2026-07-25 22:27:10.503299,
2026-07-25 22:27:30.503299,
2026-07-25 22:27:50.503299,
2026-07-25 22:28:10.503299,
2026-07-25 22:28:30.503299,
2026-07-25 22:28:50.503299,
2026-07-25 22:29:10.503299,
2026-07-25 22:29:30.503299,
2026-07-25 22:29:50.503299,
2026-07-25 22:30:10.503299,
2026-07-25 22:30:30.503299,
2026-07-25 22:30:50.503299,
2026-07-25 22:31:10.503299,
2026-07-25 22:31:30.503299,
2026-07-25 22:31:50.503299,
2026-07-25 22:32:10.503299,
2026-07-25 22:32:30.503299,
2026-07-25 22:32:50.503299,
2026-07-25 22:33:10.503299,
2026-07-25 22:33:30.503299,
2026-07-25 22:33:50.503299,
2026-07-25 22:34:10.503299,
2026-07-25 22:34:30.503299,
2026-07-25 22:34:50.503299,
2026-07-25 22:35:10.503299,
2026-07-25 22:35:30.503299,
2026-07-25 22:35:50.503299,
2026-07-25 22:36:10.503299,
2026-07-25 22:36:30.503299,
2026-07-25 22:36:50.503299,
2026-07-25 22:37:10.503299,
2026-07-25 22:37:30.503299,
2026-07-25 22:37:50.503299,
2026-07-25 22:38:10.503299,
2026-07-25 22:38:30.503299,
2026-07-25 22:38:50.503299,
2026-07-25 22:39:10.503299,
2026-07-25 22:39:30.503299,
2026-07-25 22:39:50.503299,
2026-07-25 22:40:10.503299,
2026-07-25 22:40:30.503299,
2026-07-25 22:40:50.503299,
2026-07-25 22:41:10.503299,
2026-07-25 22:41:30.503299,
2026-07-25 22:41:50.503299,
2026-07-25 22:42:10.503299,
2026-07-25 22:42:30.503299,
2026-07-25 22:42:50.503299,
2026-07-25 22:43:10.503299,
2026-07-25 22:43:30.503299,
2026-07-25 22:43:50.503299,
2026-07-25 22:44:10.503299,
2026-07-25 22:44:30.503299,
2026-07-25 22:44:50.503299,
2026-07-25 22:45:10.503299,
2026-07-25 22:45:30.503299,
2026-07-25 22:45:50.503299,
2026-07-25 22:46:10.503299,
2026-07-25 22:46:30.503299,
2026-07-25 22:46:50.503299,
2026-07-25 22:47:10.503299,
2026-07-25 22:47:30.503299,
2026-07-25 22:47:50.503299,
2026-07-25 22:48:10.503299,
2026-07-25 22:48:30.503299,
2026-07-25 22:48:50.503299,
2026-07-25 22:49:10.503299,
2026-07-25 22:49:30.503299,
2026-07-25 22:49:50.503299,
2026-07-25 22:50:10.503299,
2026-07-25 22:50:30.503299,
2026-07-25 22:50:50.503299,
2026-07-25 22:51:10.503299,
2026-07-25 22:51:30.503299,
2026-07-25 22:51:50.503299,
2026-07-25 22:52:10.503299,
2026-07-25 22:52:30.503299,
2026-07-25 22:52:50.503299,
2026-07-25 22:53:10.503299,
2026-07-25 22:53:30.503299,
2026-07-25 22:53:50.503299,
2026-07-25 22:54:10.503299,
2026-07-25 22:54:30.503299,
2026-07-25 22:54:50.503299,
2026-07-25 22:55:10.503299,
2026-07-25 22:55:30.503299,
2026-07-25 22:55:50.503299,
2026-07-25 22:56:10.503299,
2026-07-25 22:56:30.503299,
2026-07-25 22:56:50.503299,
2026-07-25 22:57:10.503299,
2026-07-25 22:57:30.503299,
2026-07-25 22:57:50.503299,
2026-07-25 22:58:10.503299,
2026-07-25 22:58:30.503299,
2026-07-25 22:58:50.503299,
2026-07-25 22:59:10.503299,
2026-07-25 22:59:30.503299,
2026-07-25 22:59:50.503299,
2026-07-25 23:00:10.503299,
2026-07-25 23:00:30.503299,
2026-07-25 23:00:50.503299,
2026-07-25 23:01:10.503299,
2026-07-25 23:01:30.503299,
2026-07-25 23:01:50.503299,
2026-07-25 23:02:10.503299,
2026-07-25 23:02:30.503299,
2026-07-25 23:02:50.503299,
2026-07-25 23:03:10.503299,
2026-07-25 23:03:30.503299,
2026-07-25 23:03:50.503299,
2026-07-25 23:04:10.503299,
2026-07-25 23:04:30.503299,
2026-07-25 23:04:50.503299,
2026-07-25 23:05:10.503299,
2026-07-25 23:05:30.503299,
2026-07-25 23:05:50.503299,
2026-07-25 23:06:10.503299,
2026-07-25 23:06:30.503299,
2026-07-25 23:06:50.503299,
2026-07-25 23:07:10.503299,
2026-07-25 23:07:30.503299,
2026-07-25 23:07:50.503299,
2026-07-25 23:08:10.503299,
2026-07-25 23:08:30.503299,
2026-07-25 23:08:50.503299,
2026-07-25 23:09:10.503299,
2026-07-25 23:09:30.503299,
2026-07-25 23:09:50.503299,
2026-07-25 23:10:10.503299,
2026-07-25 23:10:30.503299,
2026-07-25 23:10:50.503299,
2026-07-25 23:11:10.503299,
2026-07-25 23:11:30.503299,
2026-07-25 23:11:50.503299,
2026-07-25 23:12:10.503299,
2026-07-25 23:12:30.503299,
2026-07-25 23:12:50.503299,
2026-07-25 23:13:10.503299,
2026-07-25 23:13:30.503299,
2026-07-25 23:13:50.503299,
2026-07-25 23:14:10.503299,
2026-07-25 23:14:30.503299,
2026-07-25 23:14:50.503299,
2026-07-25 23:15:10.503299,
2026-07-25 23:15:30.503299,
2026-07-25 23:15:50.503299,
2026-07-25 23:16:10.503299,
2026-07-25 23:16:30.503299,
2026-07-25 23:16:50.503299,
2026-07-25 23:17:10.503299,
2026-07-25 23:17:30.503299,
2026-07-25 23:17:50.503299,
2026-07-25 23:18:10.503299,
2026-07-25 23:18:30.503299,
2026-07-25 23:18:50.503299,
2026-07-25 23:19:10.503299,
2026-07-25 23:19:30.503299,
2026-07-25 23:19:50.503299,
2026-07-25 23:20:10.503299,
2026-07-25 23:20:30.503299,
2026-07-25 23:20:50.503299,
2026-07-25 23:21:10.503299,
2026-07-25 23:21:30.503299,
2026-07-25 23:21:50.503299,
2026-07-25 23:22:10.503299,
2026-07-25 23:22:30.503299,
2026-07-25 23:22:50.503299,
2026-07-25 23:23:10.503299,
2026-07-25 23:23:30.503299,
2026-07-25 23:23:50.503299,
2026-07-25 23:24:10.503299,
2026-07-25 23:24:30.503299,
2026-07-25 23:24:50.503299,
2026-07-25 23:25:10.503299,
2026-07-25 23:25:30.503299,
2026-07-25 23:25:50.503299,
2026-07-25 23:26:10.503299,
2026-07-25 23:26:30.503299,
2026-07-25 23:26:50.503299,
2026-07-25 23:27:10.503299,
2026-07-25 23:27:30.503299,
2026-07-25 23:27:50.503299,
2026-07-25 23:28:10.503299,
2026-07-25 23:28:30.503299,
2026-07-25 23:28:50.503299,
2026-07-25 23:29:10.503299,
2026-07-25 23:29:30.503299,
2026-07-25 23:29:50.503299,
2026-07-25 23:30:10.503299,
2026-07-25 23:30:30.503299,
2026-07-25 23:30:50.503299,
2026-07-25 23:31:10.503299,
2026-07-25 23:31:30.503299,
2026-07-25 23:31:50.503299,
2026-07-25 23:32:10.503299,
2026-07-25 23:32:30.503299,
2026-07-25 23:32:50.503299,
2026-07-25 23:33:10.503299,
2026-07-25 23:33:30.503299,
2026-07-25 23:33:50.503299,
2026-07-25 23:34:10.503299,
2026-07-25 23:34:30.503299,
2026-07-25 23:34:50.503299,
2026-07-25 23:35:10.503299,
2026-07-25 23:35:30.503299,
2026-07-25 23:35:50.503299,
2026-07-25 23:36:10.503299,
2026-07-25 23:36:30.503299,
2026-07-25 23:36:50.503299,
2026-07-25 23:37:10.503299,
2026-07-25 23:37:30.503299,
2026-07-25 23:37:50.503299,
2026-07-25 23:38:10.503299,
2026-07-25 23:38:30.503299,
2026-07-25 23:38:50.503299,
2026-07-25 23:39:10.503299,
2026-07-25 23:39:30.503299,
2026-07-25 23:39:50.503299,
2026-07-25 23:40:10.503299,
2026-07-25 23:40:30.503299,
2026-07-25 23:40:50.503299,
2026-07-25 23:41:10.503299,
2026-07-25 23:41:30.503299,
2026-07-25 23:41:50.503299,
2026-07-25 23:42:10.503299,
2026-07-25 23:42:30.503299,
2026-07-25 23:42:50.503299,
2026-07-25 23:43:10.503299,
2026-07-25 23:43:30.503299,
2026-07-25 23:43:50.503299,
2026-07-25 23:44:10.503299,
2026-07-25 23:44:30.503299,
2026-07-25 23:44:50.503299,
2026-07-25 23:45:10.503299,
2026-07-25 23:45:30.503299,
2026-07-25 23:45:50.503299,
2026-07-25 23:46:10.503299,
2026-07-25 23:46:30.503299,
2026-07-25 23:46:50.503299,
2026-07-25 23:47:10.503299,
2026-07-25 23:47:30.503299,
2026-07-25 23:47:50.503299,
2026-07-25 23:48:10.503299,
2026-07-25 23:48:30.503299,
2026-07-25 23:48:50.503299,
2026-07-25 23:49:10.503299,
2026-07-25 23:49:30.503299,
2026-07-25 23:49:50.503299,
2026-07-25 23:50:10.503299,
2026-07-25 23:50:30.503299,
2026-07-25 23:50:50.503299,
2026-07-25 23:51:10.503299,
2026-07-25 23:51:30.503299,
2026-07-25 23:51:50.503299,
2026-07-25 23:52:10.503299,
2026-07-25 23:52:30.503299,
2026-07-25 23:52:50.503299,
2026-07-25 23:53:10.503299,
2026-07-25 23:53:30.503299,
2026-07-25 23:53:50.503299,
2026-07-25 23:54:10.503299,
2026-07-25 23:54:30.503299,
2026-07-25 23:54:50.503299,
2026-07-25 23:55:10.503299,
2026-07-25 23:55:30.503299,
2026-07-25 23:55:50.503299,
2026-07-25 23:56:10.503299,
2026-07-25 23:56:30.503299,
2026-07-25 23:56:50.503299,
2026-07-25 23:57:10.503299,
2026-07-25 23:57:30.503299,
2026-07-25 23:57:50.503299,
2026-07-25 23:58:10.503299,
2026-07-25 23:58:30.503299,
2026-07-25 23:58:50.503299,
2026-07-25 23:59:10.503299,
2026-07-25 23:59:30.503299,
2026-07-25 23:59:50.503299,
2026-07-26 00:00:10.503299,
2026-07-26 00:00:30.503299,
2026-07-26 00:00:50.503299,
2026-07-26 00:01:10.503299,
2026-07-26 00:01:30.503299,
2026-07-26 00:01:50.503299,
2026-07-26 00:02:10.503299,
2026-07-26 00:02:30.503299,
2026-07-26 00:02:50.503299,
2026-07-26 00:03:10.503299,
2026-07-26 00:03:30.503299,
2026-07-26 00:03:50.503299,
2026-07-26 00:04:10.503299,
2026-07-26 00:04:30.503299,
2026-07-26 00:04:50.503299,
2026-07-26 00:05:10.503299,
2026-07-26 00:05:30.503299,
2026-07-26 00:05:50.503299,
2026-07-26 00:06:10.503299,
2026-07-26 00:06:30.503299,
2026-07-26 00:06:50.503299,
2026-07-26 00:07:10.503299,
2026-07-26 00:07:30.503299,
2026-07-26 00:07:50.503299,
2026-07-26 00:08:10.503299,
2026-07-26 00:08:30.503299,
2026-07-26 00:08:50.503299,
2026-07-26 00:09:10.503299,
2026-07-26 00:09:30.503299,
2026-07-26 00:09:50.503299,
2026-07-26 00:10:10.503299,
2026-07-26 00:10:30.503299,
2026-07-26 00:10:50.503299,
2026-07-26 00:11:10.503299,
2026-07-26 00:11:30.503299,
2026-07-26 00:11:50.503299,
2026-07-26 00:12:10.503299,
2026-07-26 00:12:30.503299,
2026-07-26 00:12:50.503299,
2026-07-26 00:13:10.503299,
2026-07-26 00:13:30.503299,
2026-07-26 00:13:50.503299,
2026-07-26 00:14:10.503299,
2026-07-26 00:14:30.503299,
2026-07-26 00:14:50.503299,
2026-07-26 00:15:10.503299,
2026-07-26 00:15:30.503299,
2026-07-26 00:15:50.503299,
2026-07-26 00:16:10.503299,
2026-07-26 00:16:30.503299,
2026-07-26 00:16:50.503299,
2026-07-26 00:17:10.503299,
2026-07-26 00:17:30.503299,
2026-07-26 00:17:50.503299,
2026-07-26 00:18:10.503299,
2026-07-26 00:18:30.503299,
2026-07-26 00:18:50.503299,
2026-07-26 00:19:10.503299,
2026-07-26 00:19:30.503299,
2026-07-26 00:19:50.503299,
2026-07-26 00:20:10.503299,
2026-07-26 00:20:30.503299,
2026-07-26 00:20:50.503299,
2026-07-26 00:21:10.503299,
2026-07-26 00:21:30.503299,
2026-07-26 00:21:50.503299,
2026-07-26 00:22:10.503299,
2026-07-26 00:22:30.503299,
2026-07-26 00:22:50.503299,
2026-07-26 00:23:10.503299,
2026-07-26 00:23:30.503299,
2026-07-26 00:23:50.503299,
2026-07-26 00:24:10.503299,
2026-07-26 00:24:30.503299,
2026-07-26 00:24:50.503299,
2026-07-26 00:25:10.503299,
2026-07-26 00:25:30.503299,
2026-07-26 00:25:50.503299,
2026-07-26 00:26:10.503299,
2026-07-26 00:26:30.503299,
2026-07-26 00:26:50.503299,
2026-07-26 00:27:10.503299,
2026-07-26 00:27:30.503299,
2026-07-26 00:27:50.503299,
2026-07-26 00:28:10.503299,
2026-07-26 00:28:30.503299,
2026-07-26 00:28:50.503299,
2026-07-26 00:29:10.503299,
2026-07-26 00:29:30.503299,
2026-07-26 00:29:50.503299,
2026-07-26 00:30:10.503299,
2026-07-26 00:30:30.503299,
2026-07-26 00:30:50.503299,
2026-07-26 00:31:10.503299,
2026-07-26 00:31:30.503299,
2026-07-26 00:31:50.503299,
2026-07-26 00:32:10.503299,
2026-07-26 00:32:30.503299,
2026-07-26 00:32:50.503299,
2026-07-26 00:33:10.503299,
2026-07-26 00:33:30.503299,
2026-07-26 00:33:50.503299,
2026-07-26 00:34:10.503299,
2026-07-26 00:34:30.503299,
2026-07-26 00:34:50.503299,
2026-07-26 00:35:10.503299,
2026-07-26 00:35:30.503299,
2026-07-26 00:35:50.503299,
2026-07-26 00:36:10.503299,
2026-07-26 00:36:30.503299,
2026-07-26 00:36:50.503299,
2026-07-26 00:37:10.503299,
2026-07-26 00:37:30.503299,
2026-07-26 00:37:50.503299,
2026-07-26 00:38:10.503299,
2026-07-26 00:38:30.503299,
2026-07-26 00:38:50.503299,
2026-07-26 00:39:10.503299,
2026-07-26 00:39:30.503299,
2026-07-26 00:39:50.503299,
2026-07-26 00:40:10.503299,
2026-07-26 00:40:30.503299,
2026-07-26 00:40:50.503299,
2026-07-26 00:41:10.503299,
2026-07-26 00:41:30.503299,
2026-07-26 00:41:50.503299,
2026-07-26 00:42:10.503299,
2026-07-26 00:42:30.503299,
2026-07-26 00:42:50.503299,
2026-07-26 00:43:10.503299,
2026-07-26 00:43:30.503299,
2026-07-26 00:43:50.503299,
2026-07-26 00:44:10.503299,
2026-07-26 00:44:30.503299,
2026-07-26 00:44:50.503299,
2026-07-26 00:45:10.503299,
2026-07-26 00:45:30.503299,
2026-07-26 00:45:50.503299,
2026-07-26 00:46:10.503299,
2026-07-26 00:46:30.503299,
2026-07-26 00:46:50.503299,
2026-07-26 00:47:10.503299,
2026-07-26 00:47:30.503299,
2026-07-26 00:47:50.503299,
2026-07-26 00:48:10.503299,
2026-07-26 00:48:30.503299,
2026-07-26 00:48:50.503299,
2026-07-26 00:49:10.503299,
2026-07-26 00:49:30.503299,
2026-07-26 00:49:50.503299,
2026-07-26 00:50:10.503299,
2026-07-26 00:50:30.503299,
2026-07-26 00:50:50.503299,
2026-07-26 00:51:10.503299,
2026-07-26 00:51:30.503299,
2026-07-26 00:51:50.503299,
2026-07-26 00:52:10.503299,
2026-07-26 00:52:30.503299,
2026-07-26 00:52:50.503299,
2026-07-26 00:53:10.503299,
2026-07-26 00:53:30.503299,
2026-07-26 00:53:50.503299,
2026-07-26 00:54:10.503299,
2026-07-26 00:54:30.503299,
2026-07-26 00:54:50.503299,
2026-07-26 00:55:10.503299,
2026-07-26 00:55:30.503299,
2026-07-26 00:55:50.503299,
2026-07-26 00:56:10.503299,
2026-07-26 00:56:30.503299,
2026-07-26 00:56:50.503299,
2026-07-26 00:57:10.503299,
2026-07-26 00:57:30.503299,
2026-07-26 00:57:50.503299,
2026-07-26 00:58:10.503299,
2026-07-26 00:58:30.503299,
2026-07-26 00:58:50.503299,
2026-07-26 00:59:10.503299,
2026-07-26 00:59:30.503299,
2026-07-26 00:59:50.503299,
